dtm	note
(total)	total
absolute	absolute
adjacent	adjacent
administration	administration
air	air
alkalinity	alkalinity
amount	amount
animal	animal
animals	animal
"animals,"	animal
antimicrobial	antimicrobial
average	average
biomass	biomass
body	body
carbon	carbon
carbon;	carbon
carbon/nitrogen	carbon
carbon/nitrogen	nitrogen
classification	classification
code	code
concentr	concentration
concentration	concentration
"concentration,"	concentration
concentrations	concentration
"concentrations,"	concentration
concentrations.	concentration
conditions	conditions
consumer	consumer
content	content
context	context
context)	context
count	count
"count,"	count
count.	count
crop	crop
culture	culture
database	database
database(s)	database
date	date
date-time	date
date/time	date
dates	date
day	day
degree	degree
delivery	delivery
density	density
depth	depth
device	device
diet	diet
dietary	diet
dimensions	dimensions
direction	direction
disease	disease
disorder	disorder
dissolved	dissolved
distance	distance
dna	dna
documentation	documentation
documents	documents
door	door
doorway	doorway
drawings	drawings
drug	drug
dry	dry
durat	duration
duration	duration
duration	period
"duration,"	duration
duration;	duration
duration)	duration)
elevation	elevation
end	end
enrichment	enrichment
environemental	environmental
environment	environment
environmental	environmental
equipment	equipment
event	event
events	event
experimental	experimental
exterior	exterior
extreme	extreme
extreme_unusual_conditions	conditions
extreme_unusual_conditions	extreme
extreme_unusual_conditions	unusual
extreme_unusual_properties/al	extreme
extreme_unusual_properties/al	properties
extreme_unusual_properties/al	unusual
extreme_unusual_properties/heavy	extreme
extreme_unusual_properties/heavy	properties
extreme_unusual_properties/heavy	unusual
facility	facility
factor	factor
family	family
farm	farm
farms	farm
feature	feature
filter	filter
floor	floor
food	food
fraction	fraction
frequenc	frequency
"frequencies,"	frequency
frequency	frequency
"frequency,"	frequency
geographic	geographic
geographical	geographic
habitat	habitat
hallway	hallway
hallway/corridor	corridor
hallway/corridor	hallway
heavy	heavy
height	height
history	history
history/agrochemical	history
history/crop	history
history/extreme	history
history/fire	history
history/flooding	history
history/previous	history
history/tillage	history
horizon	horizon
host	host
host	host.
host_of_host	host.
"host,"	host.
host;	host.
host.	host.
host's	host.
hosts	host.
hosts)	host.
house	house
humid	humidity
humidity	humidity
humidity;	humidity
hydrocarbon	hydrocarbon
id	identifier
"id,"	identifier
identification	identifier
identifier	identifier
identifier.	identifier
identifiers	identifier
identifies	identifier
identity	identifier
incubation	incubation
indoor	indoor
info	information
information	information
ingredient	ingredient
initial	initial
inorganic	inorganic
inside	inside
intensity	intensity
interior	interior
interv	interval
interval	interval
interval.	interval
isolation	isolation
kit	kit
land	land
length	length
level	level
life	life
light	light
lineage	lineage
link	link
links	link
lithology	lithology
location	location
locations	location
locations	locations
macronutrients	macronutrients
marker	marker
markers	marker
mass	mass
material	material
maximum	maximum
mean	mean
measure	measurement
measured	measurement
measurement	measurement
method	method
method.	method
method(s)	method
methods	method
microbial	microbial
"microbial,"	microbial
minimum	minimum
"name,"	name
name.	name
name(s)	name
name)	name
name}	name
name}.	name
names	name
names)	name
nitrogen	nitrogen
"nitrogen,"	nitrogen
nitrogen.	nitrogen
number	number
"number,"	number
number.	number
organic	organic
"organic,"	organic
oxygen	oxygen
"oxygen,"	oxygen
particulate	particulate
particulates	particulate
percent	percent
percent).	percent
percentag	percent
percentage	percent
period	period
period;	period
periods	period
phosphat	phosphate
phosphate	phosphate
phosphoru	phosphorus
phosphorus	phosphorus
properties	properties
rate	rate
rates	rate
ratio	ratio
recover	recover
recovery	recover
relat	relative
relative	relative
route	route
sampl	sample
sample	sample
"sample,"	sample
sample.	sample
sample'	sample
sample)	sample
sampled	sample
"sampled,"	sample
sampled:	sample
sampled).	sample
samples	sample
"samples,"	sample
samples.	sample
saturation	saturation
season	season
season.	season
seasonal	season
seasons	season
site	site
source	source
start	start
stop	stop
time	time
"time,"	time
time)	time
times	time
times:	time
total	total
total.	total
unusual	unusual
water	water
"water,"	water
"water"""	water